{"cameraMode":{"drawMode":0,"name":"Shaded","section":"Shading Mode"},"sceneLighting":false,"audioPlay":false,"sceneViewState":{"m_AlwaysRefresh":false,"showFog":true,"showSkybox":false,"showFlares":true,"showImageEffects":true,"showParticleSystems":true,"showVisualEffectGraphs":true,"m_FxEnabled":true},"in2DMode":false,"pivot":{"x":0.04745018482208252,"y":-0.3280072808265686,"z":0.06445986032485962},"rotation":{"x":-0.0655183345079422,"y":0.9338359832763672,"z":-0.2660026252269745,"w":-0.23001043498516084},"size":2.1698102951049806,"orthographic":false}