{"cameraMode":{"drawMode":0,"name":"Shaded","section":"Shading Mode"},"sceneLighting":false,"audioPlay":false,"sceneViewState":{"m_AlwaysRefresh":false,"showFog":true,"showSkybox":false,"showFlares":true,"showImageEffects":true,"showParticleSystems":true,"showVisualEffectGraphs":true,"m_FxEnabled":true},"in2DMode":false,"pivot":{"x":0.0749889612197876,"y":0.17182470858097077,"z":0.40667492151260378},"rotation":{"x":-0.037305887788534167,"y":0.9610720276832581,"z":-0.1629965901374817,"w":-0.21996575593948365},"size":1.017208456993103,"orthographic":true}