{"cameraMode":{"drawMode":0,"name":"Shaded","section":"Shading Mode"},"sceneLighting":true,"audioPlay":false,"sceneViewState":{"m_AlwaysRefresh":false,"showFog":true,"showSkybox":true,"showFlares":true,"showImageEffects":true,"showParticleSystems":true,"showVisualEffectGraphs":true,"m_FxEnabled":true},"in2DMode":false,"pivot":{"x":10.512669563293457,"y":0.7519227266311646,"z":-11.001492500305176},"rotation":{"x":0.05377444624900818,"y":0.9436080455780029,"z":-0.19227704405784608,"w":0.26421093940734866},"size":22.783164978027345,"orthographic":true}