{"cameraMode":{"drawMode":0,"name":"Shaded","section":"Shading Mode"},"sceneLighting":true,"audioPlay":false,"sceneViewState":{"m_AlwaysRefresh":false,"showFog":true,"showSkybox":true,"showFlares":true,"showImageEffects":true,"showParticleSystems":true,"showVisualEffectGraphs":true,"m_FxEnabled":true},"in2DMode":false,"pivot":{"x":-1.5912874937057496,"y":-0.3272526264190674,"z":-3.9851343631744386},"rotation":{"x":0.18468545377254487,"y":-0.5013391375541687,"z":0.11048328876495362,"w":0.8380939960479736},"size":4.123659610748291,"orthographic":true}