{"cameraMode":{"drawMode":0,"name":"Shaded","section":"Shading Mode"},"sceneLighting":true,"audioPlay":false,"sceneViewState":{"m_AlwaysRefresh":false,"showFog":true,"showSkybox":true,"showFlares":true,"showImageEffects":true,"showParticleSystems":true,"showVisualEffectGraphs":true,"m_FxEnabled":true},"in2DMode":false,"pivot":{"x":0.007964253425598145,"y":1.9791651964187623,"z":3.874901056289673},"rotation":{"x":0.009636523202061654,"y":0.9877288937568665,"z":-0.06766258180141449,"w":0.14049850404262544},"size":62.03669357299805,"orthographic":true}