{"cameraMode":{"drawMode":0,"name":"Shaded","section":"Shading Mode"},"sceneLighting":false,"audioPlay":false,"sceneViewState":{"m_AlwaysRefresh":false,"showFog":true,"showSkybox":false,"showFlares":true,"showImageEffects":true,"showParticleSystems":true,"showVisualEffectGraphs":true,"m_FxEnabled":true},"in2DMode":false,"pivot":{"x":-0.24454492330551148,"y":0.5310220718383789,"z":-0.07595223188400269},"rotation":{"x":0.05006921663880348,"y":-0.9483094215393066,"z":0.19114777445793153,"w":0.24842508137226106},"size":2.5319859981536867,"orthographic":true}