{"cameraMode":{"drawMode":0,"name":"Shaded","section":"Shading Mode"},"sceneLighting":false,"audioPlay":false,"sceneViewState":{"m_AlwaysRefresh":false,"showFog":true,"showSkybox":false,"showFlares":true,"showImageEffects":true,"showParticleSystems":true,"showVisualEffectGraphs":true,"m_FxEnabled":true},"in2DMode":false,"pivot":{"x":-6.099976062774658,"y":1.3579453229904175,"z":0.27124717831611636},"rotation":{"x":-0.012938976287841797,"y":0.9870609045028687,"z":-0.11451476067304611,"w":-0.111515112221241},"size":8.112700462341309,"orthographic":true}