{"cameraMode":{"drawMode":0,"name":"Shaded","section":"Shading Mode"},"sceneLighting":false,"audioPlay":false,"sceneViewState":{"m_AlwaysRefresh":false,"showFog":true,"showSkybox":false,"showFlares":true,"showImageEffects":true,"showParticleSystems":true,"showVisualEffectGraphs":true,"m_FxEnabled":true},"in2DMode":false,"pivot":{"x":-0.09115004539489746,"y":0.2456573247909546,"z":-0.4557201862335205},"rotation":{"x":0.000020664318071794696,"y":0.9999497532844544,"z":0.010501069016754628,"w":-0.007503095082938671},"size":2.3096563816070558,"orthographic":true}