{"cameraMode":{"drawMode":0,"name":"Shaded","section":"Shading Mode"},"sceneLighting":false,"audioPlay":false,"sceneViewState":{"m_AlwaysRefresh":false,"showFog":true,"showSkybox":false,"showFlares":true,"showImageEffects":true,"showParticleSystems":true,"showVisualEffectGraphs":true,"m_FxEnabled":true},"in2DMode":false,"pivot":{"x":-0.09115004539489746,"y":0.2456573247909546,"z":-0.4557201862335205},"rotation":{"x":0.1541883498430252,"y":0.25930270552635195,"z":-0.042037930339574817,"w":0.9525141716003418},"size":3.5444793701171877,"orthographic":true}